<?xml version="1.0" encoding="UTF-8" ?>
<!DOCTYPE mapper PUBLIC "-//mybatis.org//DTD Mapper 3.0//EN" "http://mybatis.org/dtd/mybatis-3-mapper.dtd" >
<mapper namespace="com.example.dao.SectionMapper" >
  <resultMap id="BaseResultMap" type="com.example.model.Section" >
    <id column="sid" property="sid" jdbcType="INTEGER" />
    <result column="sname" property="sname" jdbcType="VARCHAR" />
    <result column="topiccount" property="topiccount" jdbcType="INTEGER" />
  </resultMap>
  <sql id="Base_Column_List" >
    sid, sname, topiccount
  </sql>
  <select id="selectByPrimaryKey" resultMap="BaseResultMap" parameterType="java.lang.Integer" >
    select 
    <include refid="Base_Column_List" />
    from section
    where sid = #{sid,jdbcType=INTEGER}
  </select>
  <delete id="deleteByPrimaryKey" parameterType="java.lang.Integer" >
    delete from section
    where sid = #{sid,jdbcType=INTEGER}
  </delete>
  <insert id="insert" parameterType="com.example.model.Section" >
    insert into section (sid, sname, topiccount
      )
    values (#{sid,jdbcType=INTEGER}, #{sname,jdbcType=VARCHAR}, #{topiccount,jdbcType=INTEGER}
      )
  </insert>
  <insert id="insertSelective" parameterType="com.example.model.Section" >
    insert into section
    <trim prefix="(" suffix=")" suffixOverrides="," >
      <if test="sid != null" >
        sid,
      </if>
      <if test="sname != null" >
        sname,
      </if>
      <if test="topiccount != null" >
        topiccount,
      </if>
    </trim>
    <trim prefix="values (" suffix=")" suffixOverrides="," >
      <if test="sid != null" >
        #{sid,jdbcType=INTEGER},
      </if>
      <if test="sname != null" >
        #{sname,jdbcType=VARCHAR},
      </if>
      <if test="topiccount != null" >
        #{topiccount,jdbcType=INTEGER},
      </if>
    </trim>
  </insert>
  <update id="updateByPrimaryKeySelective" parameterType="com.example.model.Section" >
    update section
    <set >
      <if test="sname != null" >
        sname = #{sname,jdbcType=VARCHAR},
      </if>
      <if test="topiccount != null" >
        topiccount = #{topiccount,jdbcType=INTEGER},
      </if>
    </set>
    where sid = #{sid,jdbcType=INTEGER}
  </update>
  <update id="updateByPrimaryKey" parameterType="com.example.model.Section" >
    update section
    set sname = #{sname,jdbcType=VARCHAR},
      topiccount = #{topiccount,jdbcType=INTEGER}
    where sid = #{sid,jdbcType=INTEGER}
  </update>
</mapper>