<?xml version="1.0" encoding="UTF-8" ?>
<!DOCTYPE configuration
        PUBLIC "-//mybatis.org//DTD Config 3.0//EN"
        "http://mybatis.org/dtd/mybatis-3-config.dtd">
<configuration>

    <plugins>
        <!-- com.github.pagehelper为PageHelper类所在包名 -->
        <plugin interceptor="com.github.pagehelper.PageHelper">
            <!-- 设置数据库类型 Oracle,Mysql,MariaDB,SQLite,Hsqldb,PostgreSQL六种数据库-->
            <property name="dialect" value="mysql"/>
        </plugin>
    </plugins>
    <environments default="development">
        <environment id="development">
            <!-- 事务管理类型，JDBC表示直接使用JDBC的提交和回滚设置，依赖于数据源得到的连接来管理事务 -->
            <transactionManager type="JDBC" />
            <!-- 数据库连接池POOLED表示使用数据库连接池 -->
            <dataSource type="POOLED">
                <property name="driver" value="com.mysql.jdbc.Driver" />
                <property name="url" value="jdbc:mysql://localhost:3306/bbs" />
                <property name="username" value="root" />
                <property name="password" value="123456" />
            </dataSource>
        </environment>
    </environments>

    <mappers>
        <!-- SQL代码和映射信息配置文件 -->
        <mapper resource="mapper/StudentMapper.xml" />
        <mapper resource="mapper/UserMapper.xml"/>
        <mapper resource="mapper/TopicMapper.xml"/>
        <mapper resource="mapper/SectionMapper.xml"/>
        <mapper resource="mapper/ReplyMapper.xml" />
        <!--<mapper resource="com.mapper.UserMapper" />-->
    </mappers>
</configuration>